{
    "step": 24,
    "loss": 0.020326780155301094,
    "accuracy": 0.9929999709129333,
    "val_loss": 0.07813885807991028,
    "val_accuracy": 0.9811866879463196
}