{
    "step": 24,
    "loss": 0.014147323556244373,
    "accuracy": 0.9929999709129333,
    "val_loss": 0.05826377868652344,
    "val_accuracy": 0.9829843044281006
}